,Track,Artist,Album,ISRC,Genre
0,One Way Trip to the Sun,Ditch,Boca Do Inferno,CH6540855946,minimal
1,Maggot Brain,funkadelic,Maggot Brain,US25X0588947,funk
2,Echoes,Pink Floyd,Meddle,GBN9Y1100065,Progressive rock
3,Atom Heart Mother,Pink Floyd,Atom Heart Mother,GBN9Y1100173,Progressive rock
4,On the Run,Pink Floyd,The Dark Side of the Moon,GBN9Y1100078,Progressive rock
5,Speak to Me,Pink Floyd,The Dark Side of the Moon,GBN9Y1100076,Progressive rock
6,Money,Pink Floyd,A Foot in the Door: The Best of Pink Floyd,GBN9Y1100081,Progressive rock
7,Time,Pink Floyd,The Dark Side of the Moon,GBN9Y1100079,Progressive rock
8,Us and Them,Pink Floyd,The Dark Side of the Moon,GBN9Y1100082,Progressive rock
9,Brain Damage,Pink Floyd,The Dark Side of the Moon,GBN9Y1100140,Progressive rock
10,The Great Gig in the Sky,Pink Floyd,The Dark Side of the Moon,GBN9Y1100080,Progressive rock
11,Any Colour You Like,Pink Floyd,The Dark Side of the Moon,GBN9Y1100083,Progressive rock
12,Eclipse,Pink Floyd,The Dark Side of the Moon,GBN9Y1100084,Progressive rock
13,Dogs,Pink Floyd,Animals,GBN9Y1100091,Progressive rock
14,Shine On You Crazy Diamond (Pts. 1-5),Pink Floyd,Wish You Were Here,GBN9Y1100085,Progressive rock
15,Shine On You Crazy Diamond (Pts. 6-9),Pink Floyd,Wish You Were Here,GBN9Y1100089,Progressive rock
16,Hey You,Pink Floyd,The Wall,GBN9Y1100108,Progressive rock
17,In the Light (1990 Remaster),Led Zeppelin,Physical Graffiti (1994 Remaster),USAT29900636,classic rock
18,Since I've Been Loving You (Remaster),Led Zeppelin,Led Zeppelin III (Deluxe Edition),USAT21300937,classic rock
19,L'urlo Della Strega,Tangerine Stoned,Tangerine Stoned,FR26V1608574,Stoner Rock
20,Asimov's Sideburns,Ampacity,Encounter One,NLHR51389137,space rock
21,Space Cadet,Kyuss,Welcome to Sky Valley,USEE10301961,Stoner Rock
22,Gossip,Tame Impala,Currents,AUUM71500299,Psychedelic Rock
23,Past Life,Tame Impala,Currents,AUUM71500294,Psychedelic Rock
24,Glimmer,Tame Impala,The Slow Rush,AUUM71900934,Psychedelic Rock
25,Posthumous Forgiveness,Tame Impala,The Slow Rush,AUUM71900928,Psychedelic Rock
26,One More Year,Tame Impala,The Slow Rush,AUUM71900926,Psychedelic Rock
27,Breathe (In the Air),Pink Floyd,The Dark Side of the Moon,GBN9Y1100077,Progressive rock
28,Comfortably Numb,Pink Floyd,The Wall,GBN9Y1100113,Progressive rock
29,Denmark / Van Gogh & Gone,Psychedelic Porn Crumpets,"High Visceral, Pt. 1",TCACL1686201,Psychedelic Rock
30,Nude,Radiohead,In Rainbows,GBSTK0700003,alternative
31,Childhood's End,Pink Floyd,Obscured by Clouds,GBN9Y1100072,Progressive rock
32,Sheep,Pink Floyd,Animals,GBN9Y1100093,Progressive rock
33,1998 (Delicious),Peace,EP Delicious,GBARL1200964,indie rock
34,And Then...,David Gilmour,Rattle That Lock (Deluxe),GBLTP1500016,Progressive rock
35,Marooned,Pink Floyd,The Division Bell,GBN9X1100015,Progressive rock
36,Mother,Pink Floyd,The Wall,GBN9Y1100100,Progressive rock
37,"Another Brick in the Wall, Pt. 2",Pink Floyd,The Wall,GBN9Y1100099,Progressive rock
38,The Happiest Days of Our Lives,Pink Floyd,The Wall,GBN9Y1100098,Progressive rock
39,"Another Brick in the Wall, Pt. 1",Pink Floyd,The Wall,GBN9Y1100097,Progressive rock
40,The Thin Ice,Pink Floyd,The Wall,GBN9Y1100096,Progressive rock
41,Human Sadness,The Voidz,Human Sadness,QMKBG1400032,Experimental Rock
42,Unbroken Chain (2013 Remaster),Grateful Dead,From the Mars Hotel,USRH11301567,classic rock
43,The Big Idea,Black Books,The Big Idea,FR6V81710500,dream pop
44,Instant Calm,Washed Out,Mister Mellow,US2S71787008,chillwave
45,Down And Out,Washed Out,Mister Mellow,US2S71787007,chillwave
46,Holding Out For You,Pond,Man It Feels Like Space Again,AUUM71401710,psychedelic
47,No Quarter (Remaster),Led Zeppelin,Houses of the Holy (Deluxe Edition),USAT21300896,classic rock
48,Welcome to the Machine,Pink Floyd,Wish You Were Here,GBN9Y1100086,Progressive rock
49,TBS14,Pink Floyd,The Endless River,GBN9X1400188,Progressive rock
50,Desert Raven,Jonathan Wilson,Gentle Spirit,GBBRP1129403,seen live
51,Then Came the Last Days of May,Blue Öyster Cult,Blue Oyster Cult,USSM19917730,classic rock
52,Fearless,Pink Floyd,Meddle,GBN9Y1100062,Progressive rock
53,Let It Happen,Tame Impala,Cabin Fever,AUUM71500292,Psychedelic Rock
54,Ahhhhh,Bruno Pernadas,How Can We Be Joyful in a World Full of Knowledge?,PTPK11400001,Portugal
55,Man It Feels Like Space Again,Pond,Man It Feels Like Space Again,AUUM71401723,psychedelic
56,Nangs,Tame Impala,Currents,AUUM71500293,Psychedelic Rock
57,Dreamer Deceiver,Judas Priest,Sad Wings Of Destiny,USKO10501191,heavy metal
58,Medicine Hat,Pond,Man It Feels Like Space Again,AUUM71401715,psychedelic
59,The Less I Know The Better,Tame Impala,Currents,AUUM71500303,Psychedelic Rock
60,"Some Time Alone, Alone",Melody's Echo Chamber,Melody's Echo Chamber,USFP71227904,dream pop
61,She Can’t Leave Me Here Alone Tonight,HOMESHAKE,In the Shower,QM8QH1400301,Lo-Fi
62,We're Finally Landing,Home,Before the Night,QM4DW1609449,chillwave
63,Passing Out Pieces,Mac DeMarco,Salad Days,QMMZN1300566,Lo-Fi
64,Buttercup,Jack Stauber,Pop Food,QMPKX1703669,indie pop
65,Wake Up,moow,I Can't Tell You How Much It Hurts,DEQ121643703,hip hop
66,Cold Water People,Ride,Tomorrow's Shore,GBDNH1700055,shoegaze
67,welcome and goodbye,"Dream, Ivory",welcome and goodbye,QM42K1745830,dream pop
68,Echoes (Live at Pompeii) [2016 Remix],Pink Floyd,1972 Obfusc/ation,GBN9Y1600328,Progressive rock
69,Fear Inoculum,TOOL,Fear Inoculum,USRC11902032,Progressive metal
70,Schism,TOOL,Lateralus,USVR10100013,Progressive metal
71,Parabola,TOOL,Lateralus,USVR10100015,Progressive metal
72,Jambi,TOOL,"10,000 Days",USVR10600020,Progressive metal
73,The Four Horsemen (Remastered),Metallica,Kill 'Em All (Remastered),QMKHM1600002,thrash metal
74,Days of Lavender,Promises Ltd.,Promises Ltd.,DEVF11600001,electronic
75,Watermelon In Easter Hay,Frank Zappa,"Joe's Garage Acts I, II & III",USZPE1200277,Progressive rock
76,Forty Six & 2,TOOL,Ænima,USZE19600086,Progressive metal
77,Wake Up,Mad Season,Above (Deluxe Edition),USSM11207509,Grunge
78,"R. Strauss: Also sprach Zarathustra, Op. 30, TrV 176 - Von den Hinterweltlern",Berliner Philharmoniker,"Strauss, R.: Also sprach Zarathustra; Till Eulenspiegel; Don Juan; Salome's Dance Of The Seven Veils",DEF057301703,Classical
79,Black Mountain Side (Remaster),Led Zeppelin,Led Zeppelin (Deluxe Edition),USAT21300921,classic rock
80,Astronomy Domine,Pink Floyd,The Piper at the Gates of Dawn,GBN9Y1100001,Progressive rock
81,Galatea's Guitar,Gabor Szabo,Dreams,QM4TW1748173,jazz
82,Pneuma,TOOL,Fear Inoculum,USRC11902033,Progressive metal
83,letting go,potsu,just friends,QM42K1831234,nu jazz
84,Tangerine (Remaster),Led Zeppelin,Led Zeppelin III (Deluxe Edition),USAT21300940,classic rock
85,  	Before the Beginning,John Frusciante,The Empyrean,USAHB0800728,alternative
86,Yes I'm Changing,Tame Impala,Currents,AUUM71500295,Psychedelic Rock
87,A Talk Inside the Piano,The Secret Whistle,Creaks,USDY41923808,downtempo
88,Brisa del Desierto,Los Natas,Ciudad de Brahman,QZGLS2065496,Stoner Rock
89,"The Four Seasons - Violin Concerto in F Minor, Op. 8 No. 4, RV 297 ""Winter"": I. Allegro non molto",Joshua Bell,Vivaldi: The Four Seasons,USSM10800894,Classical
90,Moonlight,Surfing,Deep Fantasy,QMPKX1695479,Surf
91,Invincible,TOOL,Fear Inoculum,USRC11902035,Progressive metal
92,Goddess,Chrome Sparks,Goddess,AUFF01400529,chillwave
93,Your Nails Look so Pretty,Hot Sugar,Seductive Nightmares EP,TCACG1598929,electronic
94,The Suburbs,Mr Little Jeans,Pocketknife,AUBM01100272,Scandinavian Girls
95,Amber,Flume,Hi This Is Flume (Mixtape),AUFF01900044,electronic
96,Ladies and gentlemen we are floating in space,Spiritualized,Ladies and gentlemen we are floating in space,GBARK9700152,space rock
97,Shine a Light,Spiritualized,Lazer Guided Melodies,GBARK9200084,space rock
98,In Birdsong,Everything Everything,In Birdsong,GBWWP2005910,seen live
99,Four Leaf Clover Salad,Richard In Your Mind,Ponderosa,AU4T31400121,seen live
100,Voice of the Soul,Death,The Sound of Perseverance - Reissue,US2641115406,death metal
101,Recently Played,Crumb,Locket,TCADC1793176,indie
102,Everything In Its Right Place,Radiohead,Kid A,GBAYE0000810,alternative
103,These Chains,Mid-Air Thief,Crumbling,USEZ61920802,folktronica
104,Life + You,infinite bisous,W/ Love,USQY51716051,electronic
105,15 Step,Radiohead,In Rainbows,GBSTK0700001,alternative
106,Storm,Godspeed You! Black Emperor,Lift Your Skinny Fists Like Antennas to Heaven,USI4R0401862,post-rock
107,Drift,Brian Eno,Apollo,GBAAA0500098,ambient
108,Resonance,Home,Odyssey,QM4DW1607618,chillwave
109,Silver Morning,Brian Eno,Apollo,GBAAA0500099,ambient
110,Unmade,Thom Yorke,Suspiria (Music for the Luca Guadagnino Film),GB4YG1800157,electronic
111,House of Woodcock,Jonny Greenwood,Phantom Thread (Original Motion Picture Soundtrack),USNO11700822,experimental
112,Says,Nils Frahm,fabric 76: Deetron,GBWZD1305502,piano
113,Space to Bakersfield,Black Mountain,IV,US38Y1627710,Psychedelic Rock
114,Just a Cloud,Lusine,Sensorimotor,US2J71708704,idm
115,"Good Thoughts, Bad Thoughts",funkadelic,Standing On The Verge Of Getting It On,US25X0588989,funk
116,Aquamaria,Colour Haze,Tempel,NLM930820008,Stoner Rock
117,Every Single Thing,HOMESHAKE,Fresh Air,QM8QH1600501,Lo-Fi
118,The Necromancer,Rush,Caress Of Steel,USMR17500047,Progressive rock
119,The Birth And Death Of The Day,Explosions In The Sky,All of a Sudden I Miss Everyone,USY6C0709901,post-rock
120,I’m Not Human at All,Sleep Party People,Sleep Party People,DKHL30900509,experimental
121,Song for Wilde,Mark Fry,Late Night Tales: Mgmt,GB5EM1001004,folk
122,Shine (Acoustic),Muse,Hullabaloo Soundtrack (Eastwest Release),GBCVT0200108,alternative rock
123,Hyper Chondriac Music,Muse,Hullabaloo Soundtrack (Eastwest Release),GBCVT0100047,alternative rock
124,Galapogos,Smashing Pumpkins,Mellon Collie And The Infinite Sadness,USVI21200902,alternative
125,Sundown Syndrome,Tame Impala,Sundown Syndrome / Remember Me,AUUM70901602,Psychedelic Rock
126,Pat Stains,Mogwai,As The Love Continues,GBGDZ2000125,post-rock
127,Tubular Bells,Mike Oldfield,Tubular Bells Digital Box Set,GBUM70903047,Progressive rock
128,Cold Meteor Showers,The Breathing Effect,Mars Is A Very Bad Place For Love,US25X1088057,jazz
129,Melted Rope,Wand,Golem,USA3D1510004,Psychedelic Rock
130,Deep Swim,Windows 96,Enchanted Instrumentals and Whispers,SE5751979687,vaporwave
131,Irene,Caribou,Andorra,USMRG0730808,electronic
132,Ommadawn Pt.1,Mike Oldfield,Ommadawn (Deluxe Edition),GBUM71001007,Progressive rock
133,What About It?,Eddie Hazel,"Game, Dames And Guitar Thangs",USWB10400374,funk
134,Sunburn,Muse,Showbiz,GBCVT9900012,alternative rock
135,Muscle Museum,Muse,Showbiz,GBCVT9900014,alternative rock
136,The Twilight Zone,Rush,2112 (Deluxe Edition),USMR17600036,Progressive rock
137,Fragile,God is an Astronaut,"All Is Violent, All Is Bright (2011 Remastered Edition)",TCABC1111564,post-rock
138,Floods,Pantera,The Great Southern Trendkill,USEW29600009,thrash metal
139,Aranjuez,Isao Tomita,Kosmos,USBC17800244,electronic
140,"Oxygene, Pt. 2",Jean-Michel Jarre,Oxygène,FR45F1100060,electronic
141,Spanish Caravan (New Stereo Mix),The Doors,The Very Best of the Doors,USEE10608488,classic rock
142,New Years Eve #2,Orions Belte,Mint,NO28R1810101,psychedelic
143,a) STRA (Illusions Of My Childhood-Part One) b)You Keep Me Hanging On c) WBER (Illusions Of My Childhood-Part Two),Vanilla Fudge,Vanilla Fudge,USAT20106718,Psychedelic Rock
144,Desolation Valley / Waves,Nektar,A Tab In The Ocean,GBBLY2202885,Progressive rock
145,"Saint-Saëns: Introduction et Rondo capriccioso, Op. 28, R. 188",Itzhak Perlman,Saint-Saens: Le Carnaval des Animaux; Organ Symphony,DEF058603480,Classical
146,"Violin Concerto in D Major, Op. 35: I. Moderato nobile",Vilde Frang,Korngold & Britten: Violin Concertos,GBAYC1503594,Classical
147,Soon (2003 Remaster),Yes,Relayer (Deluxe Edition),USEE10301007,Progressive rock
148,From the Beginning (2015 - Remaster),"Emerson, Lake & Palmer",Trilogy,GB5KW1600850,Progressive rock
149,The Revealing Science of God (Dance of the Dawn),Yes,Tales from Topographic Oceans,USEE10170023,Progressive rock
150,Metal Heart,Cat Power,Moon Pix,USMTD9828605,indie
151,La Canción de Gurb,Migala,Restos de un Incendio,ES7120310148,post-rock
152,Giorgio by Moroder,Daft Punk,Random Access Memories,USQX91300103,electronic
153,Cow,Sparklehorse,Vivadixiesubmarinetransmissionplot,USCA29500059,indie
154,To Cry You a Song (2001 Remaster),Jethro Tull,Benefit,GBAYK0100132,Progressive rock
155,Nissim,The Gaslamp Killer,Breakthrough,US25X1084065,experimental
156,Place To Be,Nick Drake,A Treasury,GBAAN7200033,folk
157,13 Angels Standing Guard 'Round The Side Of Your Bed,A Silver Mt. Zion,He Has Left Us Alone But Shafts Of Light Sometimes Grace The Corner Of Our Rooms,CACQ20700905,post-rock
158,Dawn Chorus,Thom Yorke,ANIMA,GB4YG1900213,electronic
159,By This River,Brian Eno,Before And After Science,GBAAA0400095,ambient
160,Svefn-g-englar,Sigur Rós,Ágætis byrjun,GBDCA9900067,post-rock
161,An Ending (Ascent),Brian Eno,Apollo,GBAAA0500103,ambient
162,Descending,TOOL,Fear Inoculum,USRC11902037,Progressive metal
163,ObZen,Meshuggah,ObZen,DED830703550,Progressive metal
164,"Side 1, Pt. 1: Things Left Unsaid",Pink Floyd,The Endless River,GBN9X1400163,Progressive rock
165,Cortez the Killer (2017 Remaster),Neil Young,Decade,USRE11700229,classic rock
166,Tea for One (Remaster),Led Zeppelin,Presence (Remaster),USAT21207065,classic rock
167,Baker St. Muse (Steven Wilson Stereo Remix),Jethro Tull,Minstrel in the Gallery (40th Anniversary Edition),GBAYK1500033,Progressive rock
168,Bourée (Morgan Version) [Steven Wilson Remix],Jethro Tull,Stand Up (Steven Wilson Remix),GBAYK1600026,Progressive rock
169,Songs from the Wood (Steven Wilson Stereo Remix),Jethro Tull,Songs from the Wood (40th Anniversary Edition) [The Steven Wilson Remix],GBAYK1700016,Progressive rock
170,Living in the Past (Steven Wilson Stereo Remix),Jethro Tull,Stand Up (Steven Wilson Remix),GBAYK1600027,Progressive rock
171,"Tarkus (i. Eruption, ii. Stones of Years, iii. Iconoclast, iv. Mass, v. Manticore, vi. Battlefield, vii. Aquatarkus; 2012 - Remaster)","Emerson, Lake & Palmer",Tarkus,GB5KW1600648,Progressive rock
172,Take a Pebble (2012 - Remaster),"Emerson, Lake & Palmer","Emerson, Lake & Palmer",GB5KW1600626,Progressive rock
173,Trilogy,"Emerson, Lake & Palmer",The Best of Emerson Lake & Palmer,GBAJE7200291,Progressive rock
174,Formentera Lady,King Crimson,Islands,GBCTX1500275,Progressive rock
175,Lizard (Prince Rupert Awakes/Bolero/The Battle of Glass Tears/Big Top),King Crimson,Lizard,GBCTX1500287,Progressive rock
176,Larks' Tongues In Aspic (Part I),King Crimson,Larks' Tongues In Aspic (Expanded & Remastered Original Album Mix),GBCTX1400808,Progressive rock
177,Cirkus (including Entry of the Chameleons),King Crimson,Lizard,GBCTX1500283,Progressive rock
178,I Talk To The Wind,King Crimson,In The Court Of The Crimson King (Expanded & Remastered Original Album Mix),GBCTX1400801,Progressive rock
179,Fallen Angel,King Crimson,Red (Expanded & Remastered Original Album Mix),GBCTX1400817,Progressive rock
180,Walking On Air,King Crimson,THRAK,GBCTX1600040,Progressive rock
181,Song Within A Song,Camel,Moonmadness,GBF077621300,Progressive rock
182,Spirit Of The Water,Camel,Moonmadness,GBF077621320,Progressive rock
183,Lady Fantasy: Encounter / Smiles for You / Lady Fantasy,Camel,Mirage,QMDA61806799,Progressive rock
184,Supertwister,Camel,Mirage,QMDA61806796,Progressive rock
185,Freefall,Camel,PROGESSIVE ROCK,GBF077320250,Progressive rock
186,Chord Change,Camel,Moonmadness,GBF077621310,Progressive rock
187,Lunar Sea,Camel,Moonmadness,GBF077621350,Progressive rock
188,Nimrodel / The Procession / The White Rider,Camel,Mirage,QMDA61806797,Progressive rock
189,Under Stars,Brian Eno,Apollo,GBAAA0500104,ambient
190,Weightless,Brian Eno,Apollo,GBAAA0500100,ambient
191,Thursday Afternoon,Brian Eno,Thursday Afternoon,GBAAA0500075,ambient
192,Long Season,Fishmans,Long Season,JPPO00947340,dub
193,Aisle of Plenty,Genesis,Selling England by the Pound,GBAAA0701767,Progressive rock
194,The Cinema Show,Genesis,Selling England by the Pound,GBAAA0701766,Progressive rock
195,Firth of Fifth,Genesis,Selling England by the Pound,GBAAA0701761,Progressive rock
196,Yes! I Am a Long Way from Home,Mogwai,Young Team (Deluxe Edition),GBCGR9760003,post-rock
197,Out-Bloody-Rageous,Soft Machine,Third,GBBBN9999925,Progressive rock
198,"Hazard Profile, Pt.1",Soft Machine,Bundles,GBBLY1002427,Progressive rock
199,Slightly All The Time (Remastered 2006),Soft Machine,Third,GBARL0600677,Progressive rock
200,"Bellini: Beatrice di Tenda / Act 1 - ""Ah! non pensar che pieno""",Josephine Veasey,Bellini: Beatrice di Tenda,GBF071340603,Classical
201,Karma Police,Christopher O'Riley,True Love Waits (Christopher O'Riley Plays Radiohead),USSM10304445,piano
202,Knives Out,Brad Mehldau,Day Is Done (Deluxe Version),USNO10500006,jazz
